-- phpMyAdmin SQL Dump
-- version 5.0.2
-- https://www.phpmyadmin.net/
--
-- Host: 127.0.0.1
-- Tempo de geração: 15-Nov-2020 às 13:44
-- Versão do servidor: 10.4.13-MariaDB
-- versão do PHP: 7.4.8

SET SQL_MODE = "NO_AUTO_VALUE_ON_ZERO";
START TRANSACTION;
SET time_zone = "+00:00";


/*!40101 SET @OLD_CHARACTER_SET_CLIENT=@@CHARACTER_SET_CLIENT */;
/*!40101 SET @OLD_CHARACTER_SET_RESULTS=@@CHARACTER_SET_RESULTS */;
/*!40101 SET @OLD_COLLATION_CONNECTION=@@COLLATION_CONNECTION */;
/*!40101 SET NAMES utf8mb4 */;

--
-- Banco de dados: `db_pedidos`
--

-- --------------------------------------------------------

--
-- Estrutura da tabela `categoria`
--

CREATE TABLE `categoria` (
  `id` int(11) NOT NULL,
  `descricao` varchar(100) DEFAULT NULL
) ENGINE=InnoDB DEFAULT CHARSET=utf8mb4;

--
-- Extraindo dados da tabela `categoria`
--

INSERT INTO `categoria` (`id`, `descricao`) VALUES
(1, 'Bieleta'),
(2, 'Bandeja de Suspensão'),
(9, 'Filtro de combustível ');

-- --------------------------------------------------------

--
-- Estrutura da tabela `fabricante`
--

CREATE TABLE `fabricante` (
  `id` int(11) NOT NULL,
  `descricao` varchar(100) DEFAULT NULL
) ENGINE=InnoDB DEFAULT CHARSET=utf8mb4;

--
-- Extraindo dados da tabela `fabricante`
--

INSERT INTO `fabricante` (`id`, `descricao`) VALUES
(1, 'Cofap'),
(2, 'Nakata');

-- --------------------------------------------------------

--
-- Estrutura da tabela `marca`
--

CREATE TABLE `marca` (
  `id` int(11) NOT NULL,
  `descricao` varchar(100) DEFAULT NULL
) ENGINE=InnoDB DEFAULT CHARSET=utf8mb4;

--
-- Extraindo dados da tabela `marca`
--

INSERT INTO `marca` (`id`, `descricao`) VALUES
(1, 'GM Chevrolet '),
(2, 'Volkswagen'),
(3, 'Fiat ');

-- --------------------------------------------------------

--
-- Estrutura da tabela `modelo`
--

CREATE TABLE `modelo` (
  `id` int(11) NOT NULL,
  `descricao` varchar(100) DEFAULT NULL,
  `marca_id` int(11) NOT NULL
) ENGINE=InnoDB DEFAULT CHARSET=utf8mb4;

--
-- Extraindo dados da tabela `modelo`
--

INSERT INTO `modelo` (`id`, `descricao`, `marca_id`) VALUES
(1, 'Agile', 1),
(2, 'Gol G5 1.8 ', 2),
(4, 'Novo Uno 1.0', 3),
(6, 'Novo Palio 1.6', 3);

-- --------------------------------------------------------

--
-- Estrutura da tabela `produto`
--

CREATE TABLE `produto` (
  `id` int(11) NOT NULL,
  `referencia` varchar(100) DEFAULT NULL,
  `foto` varchar(300) DEFAULT NULL,
  `marca_id` int(11) NOT NULL,
  `categoria_id` int(11) NOT NULL,
  `fabricante_id` int(11) NOT NULL,
  `modelo_id` int(11) NOT NULL,
  `data` timestamp NULL DEFAULT current_timestamp()
) ENGINE=InnoDB DEFAULT CHARSET=utf8mb4;

--
-- Extraindo dados da tabela `produto`
--

INSERT INTO `produto` (`id`, `referencia`, `foto`, `marca_id`, `categoria_id`, `fabricante_id`, `modelo_id`, `data`) VALUES
(21, 'TR777', './imgs/img_user2020-11-10_20_31_53.jpg', 3, 9, 1, 4, '2020-11-10 21:37:30'),
(25, 'ZZX', './imgs/img_user2020-11-10_20_34_39.jpg', 3, 1, 2, 6, '2020-11-10 23:34:39');

--
-- Índices para tabelas despejadas
--

--
-- Índices para tabela `categoria`
--
ALTER TABLE `categoria`
  ADD PRIMARY KEY (`id`);

--
-- Índices para tabela `fabricante`
--
ALTER TABLE `fabricante`
  ADD PRIMARY KEY (`id`);

--
-- Índices para tabela `marca`
--
ALTER TABLE `marca`
  ADD PRIMARY KEY (`id`);

--
-- Índices para tabela `modelo`
--
ALTER TABLE `modelo`
  ADD PRIMARY KEY (`id`),
  ADD KEY `fk_modelo_marca_idx` (`marca_id`);

--
-- Índices para tabela `produto`
--
ALTER TABLE `produto`
  ADD PRIMARY KEY (`id`),
  ADD KEY `fk_produto_marca1_idx` (`marca_id`),
  ADD KEY `fk_produto_categoria1_idx` (`categoria_id`),
  ADD KEY `fk_produto_fabricante1_idx` (`fabricante_id`),
  ADD KEY `fk_produto_modelo1_idx` (`modelo_id`);

--
-- AUTO_INCREMENT de tabelas despejadas
--

--
-- AUTO_INCREMENT de tabela `categoria`
--
ALTER TABLE `categoria`
  MODIFY `id` int(11) NOT NULL AUTO_INCREMENT, AUTO_INCREMENT=10;

--
-- AUTO_INCREMENT de tabela `fabricante`
--
ALTER TABLE `fabricante`
  MODIFY `id` int(11) NOT NULL AUTO_INCREMENT, AUTO_INCREMENT=7;

--
-- AUTO_INCREMENT de tabela `marca`
--
ALTER TABLE `marca`
  MODIFY `id` int(11) NOT NULL AUTO_INCREMENT, AUTO_INCREMENT=4;

--
-- AUTO_INCREMENT de tabela `modelo`
--
ALTER TABLE `modelo`
  MODIFY `id` int(11) NOT NULL AUTO_INCREMENT, AUTO_INCREMENT=7;

--
-- AUTO_INCREMENT de tabela `produto`
--
ALTER TABLE `produto`
  MODIFY `id` int(11) NOT NULL AUTO_INCREMENT, AUTO_INCREMENT=26;

--
-- Restrições para despejos de tabelas
--

--
-- Limitadores para a tabela `modelo`
--
ALTER TABLE `modelo`
  ADD CONSTRAINT `fk_modelo_marca` FOREIGN KEY (`marca_id`) REFERENCES `marca` (`id`) ON DELETE NO ACTION ON UPDATE NO ACTION;

--
-- Limitadores para a tabela `produto`
--
ALTER TABLE `produto`
  ADD CONSTRAINT `fk_produto_categoria1` FOREIGN KEY (`categoria_id`) REFERENCES `categoria` (`id`) ON DELETE NO ACTION ON UPDATE NO ACTION,
  ADD CONSTRAINT `fk_produto_fabricante1` FOREIGN KEY (`fabricante_id`) REFERENCES `fabricante` (`id`) ON DELETE NO ACTION ON UPDATE NO ACTION,
  ADD CONSTRAINT `fk_produto_marca1` FOREIGN KEY (`marca_id`) REFERENCES `marca` (`id`) ON DELETE NO ACTION ON UPDATE NO ACTION,
  ADD CONSTRAINT `fk_produto_modelo1` FOREIGN KEY (`modelo_id`) REFERENCES `modelo` (`id`) ON DELETE NO ACTION ON UPDATE NO ACTION;
COMMIT;

/*!40101 SET CHARACTER_SET_CLIENT=@OLD_CHARACTER_SET_CLIENT */;
/*!40101 SET CHARACTER_SET_RESULTS=@OLD_CHARACTER_SET_RESULTS */;
/*!40101 SET COLLATION_CONNECTION=@OLD_COLLATION_CONNECTION */;
